id,company,category,city,state,website,notes
1,Lawn Doctor of Denver,Lawn Care,Denver,CO,https://lawndoctordenver.com/,"Lawn care, pest control, and tree service; also serves Colorado Springs"
2,Easy Green Landscaping,Landscaping,Denver,CO,https://www.easygreenlandscaping.net/,"Landscape maintenance company serving Denver metro"
3,Rubicon Landscaping,Landscaping,Boulder,CO,https://gorubicon.com/,"Commercial landscaping across Northern and Central Colorado"
4,Clean Air Lawn Care,Lawn Care,Colorado Springs,CO,https://cleanairlawncare.com/service-locations/co/colorado-springs/,"Organic-first lawn service using battery-powered equipment"
5,Integrated Lawn Care,Lawn Care,Colorado Springs,CO,https://healthylawn.net/,"Locally operated, 20+ years of experience"
6,One Shop Lawn (K LAWN),Lawn Care,Colorado Springs,CO,https://oneshoplawn.com/,"Located on E. St. Vrain Street, Colorado Springs"
7,Augusta Lawn Care of North Colorado Springs,Lawn Care,Colorado Springs,CO,https://www.augustalawncareservices.com/ncosprings,"Landscaping and lawn care for north Colorado Springs"
8,Klaus Roofing of Colorado,Roofing,Colorado Springs,CO,https://klausroofingcolorado.com/,"Family-owned; residential and light commercial roof replacement"
9,Holladay Grace Roofing,Roofing,Colorado Springs,CO,https://holladaygrace.com/,"Local roofing company serving Colorado Springs and Denver"
10,Cenco Roofing,Roofing,Denver,CO,https://www.cencoroofing.com/,"Since 2013; Owens Corning Platinum and GAF Master Elite; 4.9 stars"
11,Core Roofing Systems,Roofing,Denver,CO,https://coreroofing.com/,"Locally owned and operated"
12,Elite Roofing & Solar,Roofing,Denver,CO,https://elite-roofs.com/,"Residential and commercial roofing since 2006"
13,Colorado Roofing Company,Roofing,Denver,CO,https://coloradoroofingcompany.com/,"20+ years combined experience"
14,Infinity Roofing & Siding,Roofing,Denver,CO,https://www.infinityroofer.com/denver-co/,"Top 100 Roofing Contractor; Remodeling 550 list"
15,Premier Roofing Company,Roofing,Denver,CO,https://premier-roofing.com/,"Denver-based residential roofing and storm restoration"
16,Zaner Harden Law,Law Firm - Personal Injury,Denver,CO,https://zanerhardenlaw.com/,"Largest CO personal injury verdicts in 2018 and 2021"
17,Anderson Hemmat LLC,Law Firm - Personal Injury,Denver,CO,https://andersonhemmat.com/,"Car/truck accidents, wrongful death; $33M verdict"
18,Bachus & Schanker,Law Firm - Personal Injury,Denver,CO,https://www.coloradolaw.net/,"Offices in Denver, Aurora, Colorado Springs, Fort Collins"
19,Denver Trial Lawyers,Law Firm - Personal Injury,Denver,CO,https://www.denvertriallawyers.com/,"175+ years combined experience"
20,Denver Injury Law LLC,Law Firm - Personal Injury,Denver,CO,https://www.denverinjurylaw.us/,"Personal injury, wrongful death, mass tort"
21,Amy G Injury Firm,Law Firm - Personal Injury,Denver,CO,https://amyglaw.com/,"Denver-based personal injury firm"
22,Graham.Law,Law Firm - Family,Colorado Springs,CO,https://www.graham.law/,"Family law exclusively; US News top firm since 2019"
23,Modern Family Law - Colorado Springs,Law Firm - Family,Colorado Springs,CO,https://www.modernfamilylaw.com/our-locations/colorado-springs/,"Divorce, custody, support in El Paso County"
24,Drexler Law,Law Firm - Family,Colorado Springs,CO,https://www.drexlerlawgroup.com/,"Colorado Springs divorce attorneys"
25,Colorado Legal Group,Law Firm - Family,Colorado Springs,CO,https://www.coloradolegalgroup.com/colorado-springs/,"Experienced with El Paso County courts"
26,The Lux Law Firm PLLC,Law Firm - Family,Colorado Springs,CO,https://theluxlawfirm.com/,"Complex divorce, military divorce, criminal law"
27,Family Law Attorneys of Colorado Springs,Law Firm - Family,Colorado Springs,CO,https://familylawcosprings.com/,"Free consultations; divorce and family law"
28,Martin Law Office LLC,Law Firm - Estate Planning,Boulder,CO,https://www.themartinlawoffice.com/,"Estate planning and probate since 2012"
29,Braverman Law Group LLC,Law Firm - Estate Planning,Boulder,CO,https://www.braverman-law.com/,"Partners with 20+ years each in trusts and estates"
30,Flatiron Legal Advisors PLLC,Law Firm - Estate Planning,Boulder,CO,https://www.flatironlegal.com/estate-planning/,"Trusts and estates attorneys"
31,Colorado Estate Planning Law Center,Law Firm - Estate Planning,Fort Collins,CO,https://coloradoestateplanning.com/fort-collins-co-estate-planning-attorney/,"Custom estate plans; free initial meeting"
32,Independent Plumbing Solutions,Plumbing,Fort Collins,CO,https://iplumbingsolutions.com/,"Established 2006; 1611 E Lincoln Ave"
33,Fort Collins Heating & Air,Plumbing & HVAC,Fort Collins,CO,https://fortcollinsheating.com/,"Plumbing, water heaters, drains; 24/7 emergency"
34,Aggie Plumbing,Plumbing,Fort Collins,CO,https://aggieplumbing.com/,"Locally owned; new construction and remodels"
35,Lion Home Service,Plumbing & Home Services,Fort Collins,CO,https://lionhomeservice.com/,"A+ BBB; drains, sewer, water heaters"
36,UniColorado,HVAC,Denver,CO,https://unicolorado.com/,"Heat pumps and electrification; 12+ years on the Front Range"
37,MileHi HVAC,HVAC,Denver,CO,https://milehihvac.com/,"Family-owned; furnaces, ACs, boilers"
38,Roots Heating & Air,HVAC,Denver,CO,https://www.rootshvac.com/,"Locally owned; 20+ years experience"
39,Best Heating Cooling & Air,HVAC,Denver,CO,https://bhcair.com/denver-co/,"Heating and cooling contractor for Denver metro"
40,Ultimate Heating Cooling Plumbing & Electric,HVAC,Denver,CO,https://ultimateheatingandcooling.com/,"Multi-trade home services"
41,Cooper Heating & Cooling,HVAC,Denver,CO,https://coopergreenteam.com/denver/,"Denver-area HVAC contractor"
42,Unique Heating and Air Conditioning Inc,HVAC,Denver,CO,https://uniquehvac.com/,"Denver HVAC installs and repair"
43,Apple Aire Heating & Cooling,HVAC,Denver,CO,https://appleaire.com/,"Denver-area heating and cooling"
44,Mister Sparky of Colorado Springs,Electrical,Colorado Springs,CO,https://www.mistersparky.com/colorado-springs/,"Locally operated; 24/7 availability"
45,The Electricians,Electrical,Colorado Springs,CO,https://www.theelectriciansco.com/colorado-springs-electrician/,"Family-owned, locally operated since 2020"
46,Dr Electric LLC,Electrical,Colorado Springs,CO,https://www.drelectricllc.com/,"Licensed, veteran-owned electrical repair"
47,Anchor Electric Contracting Corp,Electrical,Colorado Springs,CO,https://www.anchorelectriccolorado.com/,"Serves Colorado Springs and Denver; 100+ years combined experience"
48,Gaddie Electric,Electrical,Colorado Springs,CO,https://www.gaddieelectric.com/,"Serving Colorado Springs since 2001"
49,Swartz Electric,Electrical,Colorado Springs,CO,https://swartzelectric.biz/,"Locally trusted electrical repair"
50,Monster Tree Service of North Metro Denver,Tree Service,Denver,CO,https://www.monstertreeservice.com/north-metro-denver/,"Upfront pricing, free estimates; Arvada and Westminster"
51,Environmental Tree Care LLC,Tree Service,Denver,CO,https://environmentaltreecarellc.com/,"Removal, trimming, fire mitigation since 2004"
52,Tree Services Denver,Tree Service,Denver,CO,https://www.treeservicesden.com/,"Removal, trimming, stump grinding"
53,Colorado Tree Specialists,Tree Service,Denver,CO,https://coloradotreespecialists.com/locations/denver-colorado/,"25+ years serving Denver metro"
54,Bailey Tree LLC,Tree Service,Denver,CO,https://trimmingdenver.com/,"ISA-certified arborists; 30+ years experience"
55,John Egart's Tree Service,Tree Service,Denver,CO,https://www.coloradotreeservicepros.com/,"24/7 emergency removal; crane-assisted care"
56,Colorado Premier Tree Care,Tree Service,Denver,CO,https://www.coloradopremiertreecare.org/,"Arborist services in Denver metro"
57,EnviroPest,Pest Control,Colorado Springs,CO,https://www.enviropest.com/colorado-springs-pest-control-services,"Colorado company since 1965; also serves Denver and Fort Collins"
58,Preventative Pest Control,Pest Control,Colorado Springs,CO,https://preventativepestcontrolpros.com/,"Pest, rodent, and wildlife services; also Fountain and Pueblo"
59,Wolfco Pest Control,Pest Control,Colorado Springs,CO,https://www.thewolfco.com/locations/pest-control-colorado-springs,"Bed bug, termite, mosquito control"
60,Paint Denver,Painting,Denver,CO,https://paintdenver.com/,"Locally owned; 10+ years interior/exterior painting"
61,Colorado Commercial & Residential Painting,Painting,Denver,CO,https://coloradopainting.com/,"Painting Denver homes and businesses since 1983"
62,A&R Painting Colorado,Painting,Denver,CO,https://arpaintingcolorado.com/,"Family-operated; 15+ years experience"
63,Kind Home Painting Co,Painting,Denver,CO,https://kindhomepainting.com/,"Residential painting with top-tier products"
64,The Colorado Painting Company,Painting,Denver,CO,https://thecoloradopaintingcompany.com/,"Serves Denver and Littleton"
65,Performance Painting,Painting,Denver,CO,https://performancegroupco.com/,"200+ 5-star reviews; A+ BBB; 3 locations"
66,Aspen Auto Clinic,Auto Repair,Colorado Springs,CO,https://aspenautoclinic.com/,"Full-service auto repair; multiple locations"
67,Honest Accurate Auto,Auto Repair,Colorado Springs,CO,https://honestaccurateauto.com/,"Family-owned since 1993; 2 locations"
68,Roadrunner Auto & Truck Repair,Auto Repair,Colorado Springs,CO,https://rrautorepair.com/,"Routine maintenance and major repairs"
69,Patriot Auto Repair,Auto Repair,Colorado Springs,CO,https://www.patriotautoshop.com/,"Full-service maintenance and repair"
70,Colorado Springs Mobile Mechanics,Auto Repair,Colorado Springs,CO,https://www.coloradospringsmobilemechanics.com/,"On-site repairs for cars, trucks, boats, SUVs"
71,Don's Garage Doors,Garage Doors,Denver,CO,https://donsgaragedoors.com/,"Serving Denver since 1989; A+ BBB; 102k+ customers"
72,Local First Garage,Garage Doors,Denver,CO,https://www.localfirstgarage.com/,"Repair, installation, tune-ups"
73,One Clear Choice Garage Doors,Garage Doors,Denver,CO,https://www.oneclearchoicegaragedoors.com/,"24/7 emergency repair"
74,Garage Door Service Inc,Garage Doors,Denver,CO,https://garagedoorserviceco.us/,"12 years serving Denver metro homes and businesses"
75,Efficiency Garage Door Service,Garage Doors,Denver,CO,https://www.egds.com/,"Sales, service, installation since 1963"
76,Colorado Garage Door Service Inc,Garage Doors,Denver,CO,https://www.cologaragedoor.com/,"Founded 1974; serves the entire Front Range; 24-hour emergency"
77,Precision Garage Door of Colorado,Garage Doors,Denver,CO,https://garagedoorsco.com/,"Locally owned and operated"
78,American Garage Door,Garage Doors,Denver,CO,https://americangaragedoor.net/,"Commercial overhead doors; same-day 24/7 repairs"
79,5280 House Cleaning,Cleaning,Aurora,CO,https://www.5280housecleaning.com/,"Serves Aurora and greater Denver"
80,BlueSpring Cleaning,Cleaning,Aurora,CO,https://bluespringcleaning.com/house-cleaning-aurora-co/,"House cleaning in the Denver area"
81,Cole Cleans Cleaning Services,Cleaning,Aurora,CO,https://www.colecleansco.com/,"Locally owned; south Denver metro incl. Centennial, Lone Tree"
82,Denver Cleaning Service Company,Cleaning,Denver,CO,https://denvercleaningservicecompany.com/,"Denver-operated; 25+ years in the industry"
83,Mop Stars,Cleaning,Denver,CO,https://www.mopstars.com/,"Covers the entire Denver metro including Aurora"
84,Denver Fence Guys,Fencing,Denver,CO,https://denverfenceguys.com/,"Wood, vinyl, chain-link, ornamental iron"
85,Denver Fence Builder,Fencing,Denver,CO,https://www.denverfencebuilder.com/,"Custom fences, driveway gates, metal fabrication"
86,Fence Company of Denver,Fencing,Denver,CO,https://fencecompanyofdenver.com/,"Installation and repair since 1977"
87,Denco Fence Company,Fencing,Denver,CO,https://dencofence.com/,"Fence and gate installation and repair"
88,Standard Fence Company,Fencing,Denver,CO,https://standardfencecompany.com/,"Family-owned; in business since 1937"
89,Commercial Fence & Iron Works,Fencing,Denver,CO,https://www.cfence.com/,"Residential, commercial, industrial; serves Denver and Boulder"
90,Metro Fence,Fencing,Denver,CO,https://metrofence.net/,"40 years of experience; wood fence installation"
91,Creststone Concrete,Concrete,Colorado Springs,CO,https://creststoneconcrete.com/,"Driveways, custom patios, decorative concrete on the Front Range"
92,Pro Angle Concrete,Concrete,Colorado Springs,CO,https://concretecontractorcoloradosprings.com/,"Concrete repair and installation"
93,Concrete Customs LLC,Concrete,Colorado Springs,CO,https://concretecustomsco.com/,"Family-owned concrete replacement"
94,Colorado Springs Concrete,Concrete,Colorado Springs,CO,https://www.concrete-coloradosprings.com/,"Top-rated concrete driveway contractor"
95,GO Custom Concrete,Concrete,Colorado Springs,CO,https://www.gocustomconcrete.net/,"Driveways, decorative patios, stamped concrete"
96,Colorado Custom Concrete,Concrete,Colorado Springs,CO,https://cocustomconcrete.com/,"Veteran-owned; stamped patios and overlays"
97,Legacy Moving,Moving,Denver,CO,https://www.legacymovingdenver.com/,"Licensed, insured local and long-distance movers"
98,Cowboy Moving & Storage,Moving,Denver,CO,https://www.cowboymoving.com/,"Family-owned; serving Colorado since 1968"
99,Local Moving LLC,Moving,Denver,CO,https://www.localmovingllc.com/,"Moving services across Colorado for 10+ years"
100,Denver Door to Door Movers,Moving,Denver,CO,https://denverdoor2doormovers.com/,"Family-owned local moving company"
